{
  "mode": "paper6",
  "episodes": 20,
  "return_total_mean": 169.4405474492489,
  "return_total_std": 0.5264124592695789,
  "return_env_mean": 472.7097166027737,
  "return_env_std": 2.417164773006367,
  "ep_len_mean": 500.0,
  "ep_len_std": 0.0,
  "survival_rate": 1.0,
  "speed_mean": -0.053788123612680386,
  "speed_std": 0.004825492657360363,
  "ctrl_cost_mean": 0.0007924431817724327,
  "ctrl_cost_std": 1.2324069919864975e-05,
  "overall": {
    "MAE_deg": 6.690626437806265,
    "RMSE_deg": 9.773133462574313
  },
  "per_joint": {
    "hip_R": {
      "MAE_deg": 4.374874067982714,
      "RMSE_deg": 5.96341172517616
    },
    "knee_R": {
      "MAE_deg": 9.808907420369753,
      "RMSE_deg": 13.467319478143756
    },
    "ankle_R": {
      "MAE_deg": 2.757492989185382,
      "RMSE_deg": 3.8701203435578515
    },
    "hip_L": {
      "MAE_deg": 7.9869229859103825,
      "RMSE_deg": 9.386318597003953
    },
    "knee_L": {
      "MAE_deg": 8.960854720099187,
      "RMSE_deg": 11.286778084119172
    },
    "ankle_L": {
      "MAE_deg": 6.2547064432901704,
      "RMSE_deg": 11.210784314005176
    }
  }
}