{
  "mode": "exp6",
  "episodes": 20,
  "return_total_mean": 203.77911849427963,
  "return_total_std": 0.9954475106200639,
  "return_env_mean": 442.42578823397145,
  "return_env_std": 6.054274495164572,
  "ep_len_mean": 500.0,
  "ep_len_std": 0.0,
  "survival_rate": 1.0,
  "speed_mean": -0.11403219325836345,
  "speed_std": 0.01210177185352343,
  "ctrl_cost_mean": 0.001116230273693418,
  "ctrl_cost_std": 1.2216902707189882e-05,
  "overall": {
    "MAE_deg": 4.287140937756047,
    "RMSE_deg": 6.651235507812729
  },
  "per_joint": {
    "hip_R": {
      "MAE_deg": 6.746694897387637,
      "RMSE_deg": 9.609139185011818
    },
    "knee_R": {
      "MAE_deg": 4.183073199598188,
      "RMSE_deg": 5.931223439415376
    },
    "ankle_R": {
      "MAE_deg": 1.5048950069263591,
      "RMSE_deg": 2.0988698567289896
    },
    "hip_L": {
      "MAE_deg": 4.694418473726553,
      "RMSE_deg": 6.7921833160717044
    },
    "knee_L": {
      "MAE_deg": 5.986748204295197,
      "RMSE_deg": 7.9658217890530505
    },
    "ankle_L": {
      "MAE_deg": 2.607015844602347,
      "RMSE_deg": 4.89135049526943
    }
  }
}