{
  "mode": "baseline",
  "episodes": 20,
  "return_total_mean": 2415.0134629068766,
  "return_total_std": 155.25774596246197,
  "return_env_mean": 2415.0134629068766,
  "return_env_std": 155.25774596246197,
  "ep_len_mean": 488.5,
  "ep_len_std": 23.195904810979027,
  "survival_rate": 0.8,
  "speed_mean": 3.943842678937956,
  "speed_std": 0.11949481184890405,
  "ctrl_cost_mean": 0.0032042459231488006,
  "ctrl_cost_std": 0.00010118709060401055,
  "overall": {
    "MAE_deg": 33.59473460727676,
    "RMSE_deg": 43.203992767631874
  },
  "per_joint": {
    "hip_R": {
      "MAE_deg": 17.735636597693833,
      "RMSE_deg": 23.832619095134497
    },
    "knee_R": {
      "MAE_deg": 53.782740124059366,
      "RMSE_deg": 67.72083303450461
    },
    "ankle_R": {
      "MAE_deg": 38.62562724311173,
      "RMSE_deg": 42.09561567559196
    },
    "hip_L": {
      "MAE_deg": 30.139457057751898,
      "RMSE_deg": 37.8853320433025
    },
    "knee_L": {
      "MAE_deg": 17.929256164596506,
      "RMSE_deg": 25.428141444719802
    },
    "ankle_L": {
      "MAE_deg": 43.355690456447235,
      "RMSE_deg": 46.813196495234116
    }
  }
}